source,grp_vernarculaire,nom_vern,nom_latin,nom_valide,cd_tax_ref,cd_nom,degradation_geo,degradation_duree,degradation_perimetre,degradation_autre,niveau_sensibilite,id_degradation_geo,sensitivity_duration,tdate_min,tdate_max
LR_20151110,Insectes,Scarabée sacré,Scarabaeus sacer,"Scarabaeus sacer Linnaeus, 1758",43573,10804,Commune,Permanente,LR,,1,COM,1000,,
LR_20151110,Mammifères,"Barbastelle d'Europe, Barbastelle",Barbastella barbastellus,"Barbastella barbastellus (Schreber, 1774)",42413,60345,Commune,Permanente,LR,Uniquement l'emplacement des gîtes.,1,COM,1000,,
LR_20151110,Mammifères,Loup,Canis lupus,"Canis lupus Linnaeus, 1758",42414,60577,Maille 10x10 km,1 an,LR,,2,M10,1,,
LR_20151110,Mammifères,Sérotine de Nilsson,Eptesicus nilssonii,"Eptesicus nilssonii (Keyserling & Blasius, 1839)",42425,79302,Commune,Permanente,LR,Uniquement l'emplacement des gîtes.,1,COM,1000,,
LR_20151110,Mammifères,Sérotine commune,Eptesicus serotinus,"Eptesicus serotinus (Schreber, 1774)",42426,60360,Commune,Permanente,LR,Uniquement l'emplacement des gîtes.,1,COM,1000,,
LR_20151110,Mammifères,Vespère de Savi,Hypsugo savii,"Hypsugo savii (Bonaparte, 1837)",42432,60506,Commune,Permanente,LR,Uniquement l'emplacement des gîtes.,1,COM,1000,,
LR_20151110,Mammifères,Lynx boréal,Lynx lynx,"Lynx lynx (Linnaeus, 1758)",42436,60612,Maille 10x10 km,1 an,LR,,2,M10,1,,
LR_20151110,Mammifères,Minioptère de Schreibers,Miniopterus schreibersii,"Miniopterus schreibersii (Kuhl, 1817)",42447,79305,Commune,Permanente,LR,Uniquement l'emplacement des gîtes.,1,COM,1000,,
LR_20151110,Mammifères,Murin d'Alcathoe,Myotis alcathoe,"Myotis alcathoe Helversen & Heller, 2001",42456,79299,Commune,Permanente,LR,Uniquement l'emplacement des gîtes.,1,COM,1000,,
LR_20151110,Mammifères,Murin de Bechstein,Myotis bechsteinii,"Myotis bechsteinii (Kuhl, 1817)",42457,79301,Commune,Permanente,LR,Uniquement l'emplacement des gîtes.,1,COM,1000,,
LR_20151110,Mammifères,Petit Murin,Myotis blythii,"Myotis blythii (Tomes, 1857)",42458,60427,Commune,Permanente,LR,Uniquement l'emplacement des gîtes.,1,COM,1000,,
LR_20151110,Mammifères,Murin de Brandt,Myotis brandtii,"Myotis brandtii (Eversmann, 1845)",44558,79300,Commune,Permanente,LR,Uniquement l'emplacement des gîtes.,1,COM,1000,,
LR_20151110,Mammifères,"Murin de Capaccini, Vespertilion de Capaccini",Myotis capaccinii,"Myotis capaccinii (Bonaparte, 1837)",42459,60439,Commune,Permanente,LR,Uniquement l'emplacement des gîtes.,1,COM,1000,,
LR_20151110,Mammifères,Murin de Daubenton,Myotis daubentonii,"Myotis daubentonii (Kuhl, 1817)",42460,200118,Commune,Permanente,LR,Uniquement l'emplacement des gîtes.,1,COM,1000,,
LR_20151110,Mammifères,"Murin à oreilles échancrées, Vespertilion à oreilles échancrées",Myotis emarginatus,"Myotis emarginatus (E. Geoffroy, 1806)",42461,60400,Commune,Permanente,LR,Uniquement l'emplacement des gîtes.,1,COM,1000,,
LR_20151110,Mammifères,Escalera's bat,Myotis escalerai,"Myotis escalerai Cabrera, 1904",42462,60411,Commune,Permanente,LR,Uniquement l'emplacement des gîtes.,1,COM,1000,,
LR_20151110,Mammifères,Grand Murin,Myotis myotis,"Myotis myotis (Borkhausen, 1797)",42463,60418,Commune,Permanente,LR,Uniquement l'emplacement des gîtes.,1,COM,1000,,
LR_20151110,Mammifères,"Murin à moustaches, Vespertilion à moustaches",Myotis mystacinus,"Myotis mystacinus (Kuhl, 1817)",42464,60383,Commune,Permanente,LR,Uniquement l'emplacement des gîtes.,1,COM,1000,,
LR_20151110,Mammifères,"Murin de Natterer, Vespertilion de Natterer",Myotis nattereri,"Myotis nattereri (Kuhl, 1817)",42465,60408,Commune,Permanente,LR,Uniquement l'emplacement des gîtes.,1,COM,1000,,
LR_20151110,Mammifères,Grande Noctule,Nyctalus lasiopterus,"Nyctalus lasiopterus (Schreber, 1780)",42468,60457,Commune,Permanente,LR,Uniquement l'emplacement des gîtes.,1,COM,1000,,
LR_20151110,Mammifères,Noctule de Leisler,Nyctalus leisleri,"Nyctalus leisleri (Kuhl, 1817)",42469,60461,Commune,Permanente,LR,Uniquement l'emplacement des gîtes.,1,COM,1000,,
LR_20151110,Mammifères,Noctule commune,Nyctalus noctula,"Nyctalus noctula (Schreber, 1774)",42470,60468,Commune,Permanente,LR,Uniquement l'emplacement des gîtes.,1,COM,1000,,
LR_20151110,Mammifères,Pipistrelle de Kuhl,Pipistrellus kuhlii,"Pipistrellus kuhlii (Kuhl, 1817)",42475,79303,Commune,Permanente,LR,Uniquement l'emplacement des gîtes.,1,COM,1000,,
LR_20151110,Mammifères,Pipistrelle de Nathusius,Pipistrellus nathusii,"Pipistrellus nathusii (Keyserling & Blasius, 1839)",43935,60490,Commune,Permanente,LR,Uniquement l'emplacement des gîtes.,1,COM,1000,,
LR_20151110,Mammifères,Pipistrelle commune,Pipistrellus pipistrellus,"Pipistrellus pipistrellus (Schreber, 1774)",42476,60479,Commune,Permanente,LR,Uniquement l'emplacement des gîtes.,1,COM,1000,,
LR_20151110,Mammifères,Pipistrelle pygmée,Pipistrellus pygmaeus,"Pipistrellus pygmaeus (Leach, 1825)",42477,60489,Commune,Permanente,LR,Uniquement l'emplacement des gîtes.,1,COM,1000,,
LR_20151110,Mammifères,"Oreillard roux, Oreillard septentrional",Plecotus auritus,"Plecotus auritus (Linnaeus, 1758)",42478,60518,Commune,Permanente,LR,Uniquement l'emplacement des gîtes.,1,COM,1000,,
LR_20151110,Mammifères,"Oreillard gris, Oreillard méridional",Plecotus austriacus,"Plecotus austriacus (J.B. Fischer, 1829)",42479,60527,Commune,Permanente,LR,Uniquement l'emplacement des gîtes.,1,COM,1000,,
LR_20151110,Mammifères,Oreillard montagnard,Plecotus macrobullaris,"Plecotus macrobullaris Kuzjakin, 1965",42480,163463,Commune,Permanente,LR,Uniquement l'emplacement des gîtes.,1,COM,1000,,
LR_20151110,Mammifères,Rhinolophe euryale,Rhinolophus euryale,"Rhinolophus euryale Blasius, 1853",42484,60330,Commune,Permanente,LR,Uniquement l'emplacement des gîtes.,1,COM,1000,,
LR_20151110,Mammifères,Grand rhinolophe,Rhinolophus ferrumequinum,"Rhinolophus ferrumequinum (Schreber, 1774)",42485,60295,Commune,Permanente,LR,Uniquement l'emplacement des gîtes.,1,COM,1000,,
LR_20151110,Mammifères,Petit rhinolophe,Rhinolophus hipposideros,"Rhinolophus hipposideros (Bechstein, 1800)",42486,60313,Commune,Permanente,LR,Uniquement l'emplacement des gîtes.,1,COM,1000,,
LR_20151110,Mammifères,Rhinolophe de Méhely,Rhinolophus mehelyi,"Rhinolophus mehelyi Matschie, 1901",42487,60337,Département,Permanente,LR,Uniquement l'emplacement des gîtes.,3,DEP,1000,,
LR_20151110,Mammifères,Molosse de Cestoni,Tadarida teniotis,"Tadarida teniotis (Rafinesque, 1814)",42496,60557,Commune,Permanente,LR,Uniquement l'emplacement des gîtes.,1,COM,1000,,
LR_20151110,Mammifères,Ours brun,Ursus arctos,"Ursus arctos Linnaeus, 1758",42498,60826,Maille 10x10 km,1 an,LR,,2,M10,1,,
LR_20151110,Mammifères,Sérotine bicolore,Vespertilio murinus,"Vespertilio murinus Linnaeus, 1758",43938,60537,Commune,Permanente,LR,Uniquement l'emplacement des gîtes.,1,COM,1000,,
LR_20151110,Oiseaux,Chouette de Tengmalm,Aegolius funereus,"Aegolius funereus (Linnaeus, 1758)",42515,3533,Commune,Permanente,LR,,1,COM,1000,,
LR_20151110,Oiseaux,Vautour moine,Aegypius monachus,"Aegypius monachus (Linnaeus, 1766)",42516,2869,Département,Permanente,Territoire de nidification,,3,DEP,1000,,
LR_20151110,Oiseaux,Aigle royal,Aquila chrysaetos,"Aquila chrysaetos (Linnaeus, 1758)",42560,2645,Maille 10x10 km,Permanente,Territoire de nidification,,2,M10,1000,,
LR_20151110,Oiseaux,Aigle de Bonelli,Aquila fasciata,"Aquila fasciata Vieillot, 1822",42563,2657,Département,Permanente,LR,,3,DEP,1000,,
LR_20151110,Oiseaux,Grande Aigrette,Ardea alba,"Ardea alba Linnaeus, 1758",42621,2504,Commune,Permanente,LR,Uniquement si observation en période de nidification (du 1er avril au 31 juillet).,1,COM,1000,01-04-1900,31-07-1900
LR_20151110,Oiseaux,Héron cendré,Ardea cinerea,"Ardea cinerea Linnaeus, 1758",42569,2506,Commune,Permanente,LR,Uniquement si observation en période de nidification (du 1er mars au 31 juillet).,1,COM,1000,01-03-1900,31-07-1900
LR_20151110,Oiseaux,Héron pourpré,Ardea purpurea,"Ardea purpurea Linnaeus, 1766",42570,2508,Commune,Permanente,Zone de sensibilité spécifique,Uniquement si observation en période de nidification (du 1er avril au 31 juillet).,1,COM,1000,01-04-1900,31-07-1900
LR_20151110,Oiseaux,"Héron crabier, Crabier chevelu",Ardeola ralloides,"Ardeola ralloides (Scopoli, 1769)",42572,2486,Commune,Permanente,LR,Uniquement si observation en période de nidification (du 1er avril au 31 juillet).,1,COM,1000,01-04-1900,31-07-1900
LR_20151110,Oiseaux,Grand duc d’Europe,Bubo bubo,"Bubo bubo (Linnaeus, 1758)",42590,3493,Commune,Permanente,LR,,1,COM,1000,,
LR_20151110,Oiseaux,Héron garde-boeufs,Bubulcus ibis,"Bubulcus ibis (Linnaeus, 1758)",42591,2489,Commune,Permanente,LR,Uniquement si observation en période de nidification (du 1er avril au 31 juillet).,1,COM,1000,01-04-1900,31-07-1900
LR_20151110,Oiseaux,Aigrette garzette,Egretta garzetta,"Egretta garzetta (Linnaeus, 1766)",42675,2497,Commune,Permanente,LR,Uniquement si observation en période de nidification (du 1er avril au 31 juillet).,1,COM,1000,01-04-1900,31-07-1900
LR_20151110,Oiseaux,Elanion blanc,Elanus caeruleus,"Elanus caeruleus (Desfontaines, 1789)",42677,2836,Département,Permanente,LR,,3,DEP,1000,,
LR_20151110,Oiseaux,Faucon crécerellette,Falco naumanni,"Falco naumanni Fleischer, 1818",42692,2666,Maille 10x10 km,Permanente,LR,Uniquement si observation en période de nidification (du 1er mars au 31 juillet).,2,M10,1000,01-03-1900,31-07-1900
LR_20151110,Oiseaux,Faucon pèlerin,Falco peregrinus,"Falco peregrinus Tunstall, 1771",42693,2938,Maille 10x10 km,Permanente,LR,Uniquement si observation en période de nidification (du 1er février au 31 juillet).,2,M10,1000,01-02-1900,31-07-1900
LR_20151110,Oiseaux,Sterne hansel,Gelochelidon nilotica,"Gelochelidon nilotica (Gmelin, 1789)",43356,3332,Département,Permanente,"Etang de l'Or, Etangs palavasiens ouest, Petite Camargue laguno_marine, Petite Camargue fluvio-lacustre",Uniquement si observation en période de nidification (du 15 avril au 31 août).,3,DEP,1000,15-04-1900,31-08-1900
LR_20151110,Oiseaux,Glaréole à collier,Glareola pratincola,"Glareola pratincola (Linnaeus, 1766)",42717,3129,Département,Permanente,"Petite Camargue fluvio-lacustre, Etang de l'Or",Uniquement si observation en période de nidification (du 1er mai au 31 juillet),3,DEP,1000,01-05-1900,31-07-1900
LR_20151110,Oiseaux,Chevêchette d'Europe,Glaucidium passerinum,"Glaucidium passerinum (Linnaeus, 1758)",43370,3507,Département,Permanente,LR,,3,DEP,1000,,
LR_20151110,Oiseaux,Gypaète barbu,Gypaetus barbatus,"Gypaetus barbatus (Linnaeus, 1758)",42719,2852,Département,Permanente,Territoire de nidification,,3,DEP,1000,,
LR_20151110,Oiseaux,Vautour fauve,Gyps fulvus,"Gyps fulvus (Hablizl, 1783)",42720,2860,Maille 10x10 km,Permanente,Territoire de nidification,,2,M10,1000,,
LR_20151110,Oiseaux,Aigle botté,Hieraaetus pennatus,"Hieraaetus pennatus (Gmelin, 1788)",43282,2651,Commune,Permanente,LR,Uniquement si observation en période de nidification (du 15/03 au 31/08).,1,COM,1000,15-03-1900,31-08-1900
LR_20151110,Oiseaux,"Butor blongios, Blongios nain",Ixobrychus minutus,"Ixobrychus minutus (Linnaeus, 1766)",42732,2477,Commune,Permanente,LR,Uniquement si observation en période de nidification (du15 avril au 15 août).,1,COM,1000,15-04-1900,15-08-1900
LR_20151110,Oiseaux,Lagopède des Pyrénées,Lagopus mutus pyrenaicus,"Lagopus mutus pyrenaicus Hartert, 1921",43313,2957,Commune,Permanente,LR,Uniquement si observation en période de nidification (du 1er mai au 31 août).,1,COM,1000,01-05-1900,31-08-1900
LR_20151110,Oiseaux,Pie-grièche à poitrine rose,Lanius minor,"Lanius minor Gmelin, 1788",42739,3811,Département,Permanente,Territoire de nidification. Floutage départemental sur la zone de sensibilité et communal en dehors,,3,DEP,1000,,
LR_20151110,Oiseaux,Goéland railleur,Larus genei,"Larus genei Brême, 1839",42752,3285,Département,Permanente,"Petite Camargue laguno-marine, Etang de l'Or, Etangs palavasiens ouest, Etang de Lapalme",Uniquement si observation en période de nidification (du 15 avril au 31 août).,3,DEP,1000,15-04-1900,31-08-1900
LR_20151110,Oiseaux,Mouette mélanocéphale,Larus melanocephalus,"Larus melanocephalus Temminck, 1820",42755,3272,Département,Permanente,"Petite Camargue fluvio-lacustre, Etang de l'Or, Etangs palavasiens ouest, Etangs palavasiens est, Etangs de Thau et du Bagnas, Basses plaines de l'Aude, Etangs du Narbonnais",Uniquement si observation en période de nidification (du 15 avril au 31 août).,3,DEP,1000,15-04-1900,31-08-1900
LR_20151110,Oiseaux,Mouette rieuse,Larus ridibundus,"Larus ridibundus Linnaeus, 1766",42759,3283,Commune,Permanente,LR,Uniquement si observation en période de nidification (du 15 avril au 31 août).,1,COM,1000,15-04-1900,31-08-1900
LR_20151110,Oiseaux,Alouette calandre,Melanocorypha calandra,"Melanocorypha calandra (Linnaeus, 1766)",42779,3644,Commune,Permanente,LR,Uniquement si observation en période de nidification (du 1er mars au 31 juillet).,1,COM,1000,01-03-1900,31-07-1900
LR_20151110,Oiseaux,Vautour percnoptère,Neophron percnopterus,"Neophron percnopterus (Linnaeus, 1758)",42805,2856,Département,Permanente,Territoire de nidification,,3,DEP,1000,,
LR_20151110,Oiseaux,Courlis cendré,Numenius arquata,"Numenius arquata (Linnaeus, 1758)",42808,2576,Commune,Permanente,Lozère,Uniquement si observation en période de nidification (du 1er mars au 15 août).,1,COM,1000,01-03-1900,15-08-1900
LR_20151110,Oiseaux,"Héron bihoreau, Bihoreau gris",Nycticorax nycticorax,"Nycticorax nycticorax (Linnaeus, 1758)",42810,2481,Commune,Permanente,LR,Uniquement si observation en période de nidification (du 1er avril au 31 juillet).,1,COM,1000,01-04-1900,31-07-1900
LR_20151110,Oiseaux,Grand Cormoran,Phalacrocorax carbo,"Phalacrocorax carbo (Linnaeus, 1758)",42845,2440,Commune,Permanente,LR,,1,COM,1000,,
LR_20151110,Oiseaux,Ibis falcinelle,Plegadis falcinellus,"Plegadis falcinellus (Linnaeus, 1766)",42876,2522,Commune,Permanente,LR,Uniquement si observation en période de nidification (du 1er avril au 31 juillet).,1,COM,1000,01-04-1900,31-07-1900
LR_20151110,Oiseaux,Avocette élégante,Recurvirostra avosetta,"Recurvirostra avosetta Linnaeus, 1758",42903,3116,Commune,Permanente,LR,Uniquement si observation en période de nidification (du 1er avril au 31 août),1,COM,1000,01-04-1900,31-08-1900
LR_20151110,Oiseaux,Sterne pierregarin,Sterna hirundo,"Sterna hirundo Linnaeus, 1758",42927,3343,Département,Permanente,"Petite Camargue fluvio-lacustre, Petite Camargue laguno-marine, Etang de l’Or, Etangs palavasiens Est, Etangs palavasiens Ouest, Etang de Thau et du Bagnas, Basses Plaines de l’Aude, Etangs du Narbonnais, Etang de Lapalme, Etang de Leucate et Bourdig",Uniquement si observation en période de nidification (du 15 avril au 31 août).,3,DEP,1000,15-04-1900,31-08-1900
LR_20151110,Oiseaux,Sterne caugek,Sterna sandvicensis,"Sterna sandvicensis Latham, 1787",42930,3342,Département,Permanente,"Petite Camargue fluvio-lacustre, Etang de l'Or, Etangs de Thau et du Bagnas, Etangs palavasiens ouest",Uniquement si observation en période de nidification (du 15 avril au 31 août).,3,DEP,1000,15-04-1900,31-08-1900
LR_20151110,Oiseaux,Sterne naine,Sternula albifrons,"Sternula albifrons (Pallas, 1764)",43359,3352,Département,Permanente,"Petite Camargue fluvio-lacustre, Petite Camargue laguno-marine, Etang de l’Or, Etangs palavasiens Est, Etangs palavasiens Ouest, Etang de Thau et du Bagnas, Basses Plaines de l’Aude, Etangs du Narbonnais, Etang de Lapalme, Etang de Leucate et Bourdig",Uniquement si observation en période de nidification (du 15 avril au 31 août).,3,DEP,1000,15-04-1900,31-08-1900
LR_20151110,Oiseaux,Grand Tétras,Tetrao urogallus,"Tetrao urogallus Linnaeus, 1758",42956,2964,Commune,Permanente,LR,Uniquement si observation en période de nidification (du 1er avril au 31 août).,1,COM,1000,01-04-1900,31-08-1900
LR_20151110,Oiseaux,Outarde canepetière,Tetrax tetrax,"Tetrax tetrax (Linnaeus, 1758)",42957,3089,Commune,Permanente,Gard et Hérault,Uniquement si observation en période d’hivernage (du 1er septembre au 31 mars).,1,COM,1000,01-09-1900,31-03-1900
LR_20151110,Plantes,"Diotis cotonneuse, Diotis maritime, Diotis laineux, Othanthe maritime, Diotis blanc, Santoline-cyprès",Achillea maritima,"Achillea maritima (L.) Ehrend. & Y.P.Guo, 2005",24,610735,Commune,Permanente,LR,,1,COM,1000,,
LR_20151110,Plantes,Aconit de Burnat,Aconitum burnatii,"Aconitum burnatii Gáyer, 1909",44566,80009,Commune,Permanente,LR,,1,COM,1000,,
LR_20151110,Plantes,"Poireau, Ail poireau",Allium ampeloprasum var. porrum,"Allium ampeloprasum var. porrum (L.) J.Gay, 1847",146,446103,Commune,Permanente,LR,,1,COM,1000,,
LR_20151110,Plantes,Ail des îles,Allium commutatum,"Allium commutatum Guss., 1855",148,81350,Commune,Permanente,LR,,1,COM,1000,,
LR_20151110,Plantes,"Ail doré, Ail Moly",Allium moly,"Allium moly L., 1753",154,81433,Commune,Permanente,LR,,1,COM,1000,,
LR_20151110,Plantes,Orchis papillon,Anacamptis papilionacea,"Anacamptis papilionacea (L.) R.M.Bateman, Pridgeon & M.W.Chase, 1997",232,82287,Commune,Permanente,LR,,1,COM,1000,,
LR_20151110,Plantes,Anthyllis faux cytise,Anthyllis cytisoides,"Anthyllis cytisoides L., 1753",301,82972,Commune,Permanente,LR,,1,COM,1000,,
LR_20151110,Plantes,Ancolie des Causses,Aquilegia viscosa subsp. viscosa,Aquilegia viscosa Gouan subsp. viscosa,323,131518,Commune,Permanente,LR,,1,COM,1000,,
LR_20151110,Plantes,Arméria de Malinvaud,Armeria malinvaudii,"Armeria malinvaudii H.J.Coste & Soulié, 1911",380,83831,Commune,Permanente,LR,,1,COM,1000,,
LR_20151110,Plantes,Arméria de Foucaud,Armeria ruscinonensis subsp. littorifuga,"Armeria ruscinonensis subsp. littorifuga (Bernis) Malag., 1976",383,131683,Commune,Permanente,LR,,1,COM,1000,,
LR_20151110,Plantes,Arméria du Roussillon,Armeria ruscinonensis subsp. ruscinonensis,Armeria ruscinonensis Girard subsp. ruscinonensis,382,131684,Commune,Permanente,LR,,1,COM,1000,,
LR_20151110,Plantes,"Genépi blanc, Genépi jaune",Artemisia umbelliformis,"Artemisia umbelliformis Lam., 1783",44677,84053,Commune,Permanente,LR,,1,COM,1000,,
LR_20151110,Plantes,"Doradille de Seelos glabre, Asplénium glabre",Asplenium seelosii subsp. glabrum,"Asplenium seelosii subsp. glabrum (Litard. & Maire) Rothm., 1937",448,131844,Commune,Permanente,LR,,1,COM,1000,,
LR_20151110,Plantes,Jacinthe améthyste,Brimeura amethystina,"Brimeura amethystina (L.) Chouard, 1930",624,86475,Commune,Permanente,LR,,1,COM,1000,,
LR_20151110,Plantes,"Centaurée de la Clape, Centaurée en corymbe",Centaurea corymbosa,"Centaurea corymbosa Pourr., 1788",928,89567,Commune,Permanente,LR,,1,COM,1000,,
LR_20151110,Plantes,"Centaurée tachetée blanchâtre, Centaurée blanchâtre",Centaurea maculosa subsp. albida,"Centaurea maculosa subsp. albida (Lecoq & Lamotte) Dostál, 1976",946,132930,Commune,Permanente,LR,,1,COM,1000,,
LR_20151110,Plantes,Ciste à gomme,Cistus ladanifer,"Cistus ladanifer L., 1753",1099,91680,Commune,Permanente,LR,,1,COM,1000,,
LR_20151110,Plantes,Liseron de Sicile,Convolvulus siculus,"Convolvulus siculus L., 1753",1169,92356,Commune,Permanente,LR,,1,COM,1000,,
LR_20151110,Plantes,"Racine de corail, Corallorhize trifide, Coralline",Corallorhiza trifida,"Corallorhiza trifida Châtel., 1760",1173,92421,Commune,Permanente,LR,,1,COM,1000,,
LR_20151110,Plantes,Cyclamen des Baléares,Cyclamen balearicum,"Cyclamen balearicum Willk., 1875",1296,93695,Commune,Permanente,LR,,1,COM,1000,,
LR_20151110,Plantes,"Sabot de Vénus, Pantoufle-de-Notre-Dame",Cypripedium calceolus,"Cypripedium calceolus L., 1753",1333,94041,Commune,Permanente,LR,,1,COM,1000,,
LR_20151110,Plantes,"Cytise à longues grappes, Petit Cytise glabre",Cytisus ratisbonensis,"Cytisus ratisbonensis Schaeff., 1760",1349,159624,Commune,Permanente,LR,,1,COM,1000,,
LR_20151110,Plantes,Orchis élevé,Dactylorhiza elata,"Dactylorhiza elata (Poir.) Soó, 1962",1357,94252,Commune,Permanente,Aude et P.O.,,1,COM,1000,,
LR_20151110,Plantes,"Orchis de Corse, Dactylorhize de Corse",Dactylorhiza insularis,"Dactylorhiza insularis (Sommier ex Martelli) Landwehr, 1969",1361,94260,Commune,Permanente,LR,,1,COM,1000,,
LR_20151110,Plantes,"Orchis d'Occitanie, Orchis occitan",Dactylorhiza occitanica,"Dactylorhiza occitanica Geniez, Melki, Pain & R.Soca, 1995",1364,94270,Commune,Permanente,LR,,1,COM,1000,,
LR_20151110,Plantes,"Dauphinelle fendue, Pied d'alouette fendu",Delphinium fissum,"Delphinium fissum Waldst. & Kit., 1802",1391,94580,Commune,Permanente,LR,,1,COM,1000,,
LR_20151110,Plantes,Staphisaigre,Delphinium staphisagria,"Delphinium staphisagria L., 1753",1393,94603,Commune,Permanente,LR,,1,COM,1000,,
LR_20151110,Plantes,"Oeillet magnifique, Oeillet à plumet",Dianthus superbus,"Dianthus superbus L., 1755",1422,94833,Commune,Permanente,LR,,1,COM,1000,,
LR_20151110,Plantes,Oeillet de Vigo,Dianthus vigoi,"Dianthus vigoi Laínz, 1986",1423,94848,Commune,Permanente,LR,,1,COM,1000,,
LR_20151110,Plantes,Lycopode des Alpes,Diphasiastrum alpinum,"Diphasiastrum alpinum (L.) Holub, 1975",1437,95056,Commune,Permanente,LR,,1,COM,1000,,
LR_20151110,Plantes,Lycopode petit-cyprès,Diphasiastrum tristachyum,"Diphasiastrum tristachyum (Pursh) Holub, 1975",1438,95060,Commune,Permanente,LR,,1,COM,1000,,
LR_20151110,Plantes,Doronic à feuilles de plantain,Doronicum plantagineum,"Doronicum plantagineum L., 1753",1452,95240,Commune,Permanente,LR,,1,COM,1000,,
LR_20151110,Plantes,Rossolis intermédiaire,Drosera intermedia,"Drosera intermedia Hayne, 1798",1469,95438,Commune,Permanente,LR,,1,COM,1000,,
LR_20151110,Plantes,"Épipogon sans feuilles, Épipogium sans feuilles",Epipogium aphyllum,"Epipogium aphyllum Sw., 1814",1583,96499,Commune,Permanente,LR,,1,COM,1000,,
LR_20151110,Plantes,"Érodium à poils glanduleux, Bec-de-grue glanduleux",Erodium glandulosum,"Erodium glandulosum (Cav.) Willd., 1800",1643,96904,Commune,Permanente,LR,,1,COM,1000,,
LR_20151110,Plantes,Euphorbe des Baléares,Euphorbia pithyusa,"Euphorbia pithyusa L., 1753",1711,97615,Commune,Permanente,LR,,1,COM,1000,,
LR_20151110,Plantes,"Pintade, Fritillaire damier, Fritillaire pintade",Fritillaria meleagris,"Fritillaria meleagris L., 1753",44965,98977,Commune,Permanente,LR,,1,COM,1000,,
LR_20151110,Plantes,Genêt ailé du Dauphiné,Genista delphinensis,"Genista delphinensis Verl., 1872",1953,99741,Commune,Permanente,LR,,1,COM,1000,,
LR_20151110,Plantes,Nigritelle d'Autriche,Gymnadenia nigra subsp. austriaca,Gymnadenia nigra subsp. austriaca (Teppner & E.Klein) Teppner & E.Klein,2043,612485,Commune,Permanente,LR,,1,COM,1000,,
LR_20151110,Plantes,"Gymnadenie odorante, Orchis odorant",Gymnadenia odoratissima,"Gymnadenia odoratissima (L.) Rich., 1817",2045,100614,Commune,Permanente,LR,,1,COM,1000,,
LR_20151110,Plantes,"Malaxis des tourbières, Malaxis à deux feuilles, Malaxide des marais, Malaxis des marais",Hammarbya paludosa,"Hammarbya paludosa (L.) Kuntze, 1891",2052,100739,Commune,Permanente,LR,,1,COM,1000,,
LR_20151110,Plantes,Scille d'Italie,Hyacinthoides italica,"Hyacinthoides italica (L.) Rothm., 1944",2227,103056,Commune,Permanente,LR,,1,COM,1000,,
LR_20151110,Plantes,"Millepertuis en forme de pièce de monaie, Millepertuis Nummulaire",Hypericum nummularium,"Hypericum nummularium L., 1753",2257,103308,Commune,Permanente,LR,,1,COM,1000,,
LR_20151110,Plantes,"Hyssope blanchâtre, Hysope aristé",Hyssopus officinalis subsp. pilifer,"Hyssopus officinalis subsp. pilifer (Pant.) Murb., 1891",2274,136794,Commune,Permanente,LR,,1,COM,1000,,
LR_20151110,Plantes,"Iris à feuilles larges, Iris xiphioïde",Iris latifolia,"Iris latifolia (Mill.) Voss, 1895",2305,103746,Commune,Permanente,LR,,1,COM,1000,,
LR_20151110,Plantes,"Iris à feuilles en forme de glaive, Iris d'Espagne",Iris xiphium,"Iris xiphium L., 1753",2313,103800,Commune,Permanente,LR,,1,COM,1000,,
LR_20151110,Plantes,"Isoète grêle, Isoète sétacé",Isoetes setacea,"Isoetes setacea Lam., 1789",2318,103846,Commune,Permanente,LR,,1,COM,1000,,
LR_20151110,Plantes,"Isoète à voile, Isoète voilé",Isoetes velata subsp. velata,Isoëtes velata A.Braun subsp. velata,2319,136879,Commune,Permanente,LR,,1,COM,1000,,
LR_20151110,Plantes,"Ligulaire de Sibérie, Séneçon de Sibérie",Ligularia sibirica,"Ligularia sibirica (L.) Cass., 1823",2547,105908,Commune,Permanente,LR,,1,COM,1000,,
LR_20151110,Plantes,Limonium,Limonium companyonis,"Limonium companyonis (Gren. & Billot) Kuntze, 1891",2560,106053,Commune,Permanente,LR,,1,COM,1000,,
LR_20151110,Plantes,Limonium diffus,Limonium diffusum,"Limonium diffusum (Pourr.) Kuntze, 1891",2562,106061,Commune,Permanente,LR,,1,COM,1000,,
LR_20151110,Plantes,"Statice dure, Limonium dur",Limonium duriusculum,"Limonium duriusculum (Girard) Fourr., 1869",2563,106068,Commune,Permanente,LR,,1,COM,1000,,
LR_20151110,Plantes,"Statice de Gérone, Statice de Girone, Saladelle de Gérone, Saladelle de Girone",Limonium geronense,"Limonium geronense Erben, 1978",2566,628301,Commune,Permanente,LR,,1,COM,1000,,
LR_20151110,Plantes,"Lysimaque à fleurs en épi, Lysimaque à fleurs en thyrse, Lysimaque thyrsiflore",Lysimachia thyrsiflora,"Lysimachia thyrsiflora L., 1753",2699,107086,Commune,Permanente,LR,,1,COM,1000,,
LR_20151110,Plantes,Malcolmie d'Afrique,Malcolmia africana,"Malcolmia africana (L.) R.Br., 1812",2711,107176,Commune,Permanente,LR,,1,COM,1000,,
LR_20151110,Plantes,"Fougère d'eau à poils rudes, Marsilea pubescent, Fougère d'eau à quatre feuilles, Marsilée pubescente",Marsilea strigosa,"Marsilea strigosa Willd., 1810",2734,107409,Commune,Permanente,LR,,1,COM,1000,,
LR_20151110,Plantes,Jonquille à fleur pâle,Narcissus pseudonarcissus subsp. pallidiflorus,"Narcissus pseudonarcissus subsp. pallidiflorus (Pugsley) A.Fern., 1951",2938,138005,Commune,Permanente,LR,,1,COM,1000,,
LR_20151110,Plantes,"Orchis laiteux, Orchis lacté",Neotinea lactea,"Neotinea lactea (Poir.) R.M.Bateman, Pridgeon & M.W.Chase, 1997",2955,109498,Commune,Permanente,LR,,1,COM,1000,,
LR_20151110,Plantes,"Orchis à trois dents, Orchis tridenté",Neotinea tridentata,"Neotinea tridentata (Scop.) R.M.Bateman, Pridgeon & M.W.Chase, 1997",2957,162206,Commune,Permanente,LR,,1,COM,1000,,
LR_20151110,Plantes,,Nigella papillosa,"Nigella papillosa G.López, 1985",64855,109637,Commune,Permanente,LR,,1,COM,1000,,
LR_20151110,Plantes,Ophrys de l'Aveyron,Ophrys aveyronensis,"Ophrys aveyronensis (J.J.Wood) P.Delforge, 1984",3055,110354,Commune,Permanente,LR,,1,COM,1000,,
LR_20151110,Plantes,Ophrys de Bertoloni,Ophrys bertolonii subsp. bertolonii,Ophrys bertolonii subsp. bertolonii,3058,612526,Commune,Permanente,LR,,1,COM,1000,,
LR_20151110,Plantes,"Ophrys en forme d'araignée, Ophrys arachnitiforme, Ophrys brillant",Ophrys exaltata subsp. splendida,"Ophrys exaltata subsp. splendida (Gölz & Reinhard) R.Soca, 2002",3062,612527,Commune,Permanente,LR,,1,COM,1000,,
LR_20151110,Plantes,,Ophrys subinsectifera,"Ophrys subinsectifera C.E.Hermos. & Sabando, 1996",58573,717341,Commune,Permanente,LR,,1,COM,1000,,
LR_20151110,Plantes,"Ophrys tenthrède, Ophrys à grandes fleurs",Ophrys tenthredinifera,"Ophrys tenthredinifera Willd., 1805",3078,110483,Commune,Permanente,LR,,1,COM,1000,,
LR_20151110,Plantes,Ophrys du Gers,Ophrys truncata,"Ophrys truncata Dulac, 1867",64856,110488,Commune,Permanente,LR,,1,COM,1000,,
LR_20151110,Plantes,Orchis de Spitzel,Orchis spitzelii,"Orchis spitzelii Saut. ex W.D.J.Koch, 1837",3104,110994,Commune,Permanente,LR,,1,COM,1000,,
LR_20151110,Plantes,Pavot de Lapeyrouse,Papaver lapeyrousianum,"Papaver lapeyrousianum Gutermann ex Greuter & Burdet, 1981",3177,112326,Commune,Permanente,LR,,1,COM,1000,,
LR_20151110,Plantes,"Pilulaire délicate, Pilulaire naine",Pilularia minuta,"Pilularia minuta Durieu, 1838",3317,113548,Commune,Permanente,LR,,1,COM,1000,,
LR_20151110,Plantes,Grassette des Causses,Pinguicula longifolia subsp. caussensis,"Pinguicula longifolia subsp. caussensis Casper, 1962",3326,138819,Commune,Permanente,LR,,1,COM,1000,,
LR_20151110,Plantes,"Plantain caréné, Plantain à feuilles en alène",Plantago subulata,"Plantago subulata L., 1753",3377,113975,Commune,Permanente,LR,,1,COM,1000,,
LR_20151110,Plantes,"Pseudorchis blanc, Orchis blanc",Pseudorchis albida,"Pseudorchis albida (L.) Á.Löve & D.Löve, 1969",3557,116206,Commune,Permanente,Lozère,,1,COM,1000,,
LR_20151110,Plantes,"Rose de France, Rosier de Provence",Rosa gallica,"Rosa gallica L., 1753",3735,118192,Commune,Permanente,LR,,1,COM,1000,,
LR_20151110,Plantes,Sauge des Pyrénéens,Salvia lavandulifolia subsp. pyrenaeorum,"Salvia lavandulifolia subsp. pyrenaeorum Lippert, 1979",3872,140507,Commune,Permanente,LR,,1,COM,1000,,
LR_20151110,Plantes,Saponaire à feuilles de pâquerette,Saponaria bellidifolia,"Saponaria bellidifolia Sm., 1791",3897,120812,Commune,Permanente,LR,,1,COM,1000,,
LR_20151110,Plantes,Saxifrage à longues feuilles,Saxifraga longifolia,"Saxifraga longifolia Lapeyr., 1801",3925,121106,Commune,Permanente,LR,,1,COM,1000,,
LR_20151110,Plantes,Scorzonère à petites fleurs,Scorzonera parviflora,"Scorzonera parviflora Jacq., 1776",3996,121971,Commune,Permanente,LR,,1,COM,1000,,
LR_20151110,Plantes,Sélaginelle denticulée,Selaginella denticulata,"Selaginella denticulata (L.) Spring, 1838",4041,122304,Commune,Permanente,LR,,1,COM,1000,,
LR_20151110,Plantes,Sérapias d'Hyères,Serapias olbia,"Serapias olbia Verg., 1908",4070,122824,Commune,Permanente,LR,,1,COM,1000,,
LR_20151110,Plantes,Sérapias à petites fleurs,Serapias parviflora,"Serapias parviflora Parl., 1837",4071,122830,Commune,Permanente,LR,,1,COM,1000,,
LR_20151110,Plantes,Stenbergie à fleurs de colchique,Sternbergia colchiciflora,"Sternbergia colchiciflora Waldst. & Kit., 1805",4284,125120,Commune,Permanente,LR,,1,COM,1000,,
LR_20151110,Plantes,Tanaisie annuelle,Tanacetum annuum,"Tanacetum annuum L., 1753",4320,125454,Commune,Permanente,LR,,1,COM,1000,,
LR_20151110,Plantes,Pissenlit,Taraxacum raii,Taraxacum raii (Gouan) Gray,4341,717648,Commune,Permanente,LR,,1,COM,1000,,
LR_20151110,Plantes,Pigamon méditerranéen,Thalictrum lucidum,"Thalictrum lucidum L., 1753",4374,126150,Commune,Permanente,LR,,1,COM,1000,,
LR_20151110,Plantes,Salsifis blanc,Tragopogon eriospermus,"Tragopogon eriospermus Ten., 1823",4435,127007,Commune,Permanente,LR,,1,COM,1000,,
LR_20151110,Plantes,Trèfle diffus,Trifolium diffusum,"Trifolium diffusum Ehrh., 1792",4458,127291,Commune,Permanente,LR,,1,COM,1000,,
LR_20151110,Plantes,Massette de Laxmann,Typha laxmannii,"Typha laxmannii Lepech., 1801",4545,128078,Commune,Permanente,LR,,1,COM,1000,,
sinp_20140523,Amphibiens,Pélobate brun,,,,240,commune,20 ans,Toute la France,,1,COM,20,,
sinp_20140523,Amphibiens,Salamandre noire,,,,701819,commune,permanente,Toute la France,,1,COM,1000,,
sinp_20140523,Amphibiens,Salamandre de Lanza,,,,699127,commune,permanente,Toute la France,,1,COM,1000,,
sinp_20140523,Crustacés,Ecrevisse à pieds blancs,,,,18437,maille 10x 10 km,20 ans,Toute la France,,2,M10,20,,
sinp_20140523,"Insectes, papillons",Mélibée,,,,53651,maille 10x 10 km,20 ans,Toute la France,,2,M10,20,,
sinp_20140523,"Insectes, papillons",Damier du frêne,,,,53856,commune,20 ans,Toute la France,,1,COM,20,,
sinp_20140523,"Insectes, papillons",Fadet des tourbières,,,,53631,maille 10x 10 km,20 ans,Toute la France,,2,M10,20,,
sinp_20140523,Mammifères,Loup,,,,60577,maille 10x 10 km,1 an,Toute la France,uniquement l'emplacement des terriers,2,M10,1,,
sinp_20140523,Mammifères,Lynx,,,,60612,maille 10x 10 km,1 an,Toute la France,uniquement l'emplacement gîte de mise bas,2,M10,1,,
sinp_20140523,Mammifères,Ours,,,,60826,maille 10x 10 km,1 an,Toute la France,uniquement l'emplacement des tanières,2,M10,1,,
sinp_20140523,"Mammifères, Chiroptères",Grand Murin,,,,60418,maille 10x 10 km,permanente,Toute la France,Gîtes hypogés et fortifications (données de détection acoustique non sensibles),2,M10,1000,,
sinp_20140523,"Mammifères, Chiroptères",Grand Rhinolophe,,,,60295,maille 10x 10 km,permanente,Toute la France,Gîtes hypogés et fortifications (données de détection acoustique non sensibles),2,M10,1000,,
sinp_20140523,"Mammifères, Chiroptères",Minioptère de Schreibers,,,,79305,maille 10x 10 km,permanente,Toute la France,Gîtes hypogés et fortifications (données de détection acoustique non sensibles),2,M10,1000,,
sinp_20140523,"Mammifères, Chiroptères",Murin à moustaches,,,,60383,maille 10x 10 km,permanente,Toute la France,Gîtes hypogés et fortifications (données de détection acoustique non sensibles),2,M10,1000,,
sinp_20140523,"Mammifères, Chiroptères",Murin à oreilles échancrées,,,,60400,maille 10x 10 km,permanente,Toute la France,Gîtes hypogés et fortifications (données de détection acoustique non sensibles),2,M10,1000,,
sinp_20140523,"Mammifères, Chiroptères",Murin de Bechstein,,,,79301,maille 10x 10 km,permanente,Toute la France,Gîtes hypogés et fortifications (données de détection acoustique non sensibles),2,M10,1000,,
sinp_20140523,"Mammifères, Chiroptères",Murin de Brandt,,,,79300,maille 10x 10 km,permanente,Toute la France,Gîtes hypogés et fortifications (données de détection acoustique non sensibles),2,M10,1000,,
sinp_20140523,"Mammifères, Chiroptères",Murin de Capaccini,,,,60439,maille 10x 10 km,permanente,Toute la France,Gîtes hypogés et fortifications (données de détection acoustique non sensibles),2,M10,1000,,
sinp_20140523,"Mammifères, Chiroptères",Murin de Daubenton,,,,200118,maille 10x 10 km,permanente,Toute la France,Gîtes hypogés et fortifications (données de détection acoustique non sensibles),2,M10,1000,,
sinp_20140523,"Mammifères, Chiroptères",Murin de Natterer,,,,60408,maille 10x 10 km,permanente,Toute la France,Gîtes hypogés et fortifications (données de détection acoustique non sensibles),2,M10,1000,,
sinp_20140523,"Mammifères, Chiroptères",Murin d'Escalera,,,,60411,maille 10x 10 km,permanente,Toute la France,Gîtes hypogés et fortifications (données de détection acoustique non sensibles),2,M10,1000,,
sinp_20140523,"Mammifères, Chiroptères",Murin du Maghreb,,,,79298,maille 10x 10 km,permanente,Toute la France,Gîtes hypogés et fortifications (données de détection acoustique non sensibles),2,M10,1000,,
sinp_20140523,"Mammifères, Chiroptères",Petit Murin,,,,60427,maille 10x 10 km,permanente,Toute la France,Gîtes hypogés et fortifications (données de détection acoustique non sensibles),2,M10,1000,,
sinp_20140523,"Mammifères, Chiroptères",Petit Rhinolophe,,,,60313,maille 10x 10 km,permanente,Toute la France,Gîtes hypogés et fortifications (données de détection acoustique non sensibles),2,M10,1000,,
sinp_20140523,"Mammifères, Chiroptères",Rhinolophe de Méhely,,,,60337,maille 10x 10 km,permanente,Toute la France,Gîtes hypogés et fortifications (données de détection acoustique non sensibles),2,M10,1000,,
sinp_20140523,"Mammifères, Chiroptères",Rhinolophe euryale,,,,60330,maille 10x 10 km,permanente,Toute la France,Gîtes hypogés et fortifications (données de détection acoustique non sensibles),2,M10,1000,,
sinp_20140523,"Mammifères, Chiroptères",Murin des marais,,,,60447,maille 10x 10 km,permanente,Toute la France,Gîtes hypogés et fortifications (données de détection acoustique non sensibles),2,M10,1000,,
sinp_20140523,"Mammifères, Chiroptères",Murin d'Alcathoe,,,,79299,maille 10x 10 km,permanente,Toute la France,Gîtes hypogés et fortifications (données de détection acoustique non sensibles),2,M10,1000,,
sinp_20140523,"Mammifères, Chiroptères",Oreillard roux,,,,60518,maille 10x 10 km,permanente,Toute la France,Gîtes hypogés et fortifications (données de détection acoustique non sensibles),2,M10,1000,,
sinp_20140523,"Mammifères, Chiroptères",Oreillard gris,,,,60527,maille 10x 10 km,permanente,Toute la France,Gîtes hypogés et fortifications (données de détection acoustique non sensibles),2,M10,1000,,
sinp_20140523,"Mammifères, Chiroptères",Oreillard montagnard,,,,163463,maille 10x 10 km,permanente,Toute la France,Gîtes hypogés et fortifications (données de détection acoustique non sensibles),2,M10,1000,,
sinp_20140523,"Mammifères, Chiroptères",Barbastelle d'Europe,,,,60345,maille 10x 10 km,permanente,Toute la France,Gîtes hypogés et fortifications (données de détection acoustique non sensibles),2,M10,1000,,
sinp_20140523,Mollusque,Mulette perlière,,,,64435,maille 10x 10 km,20 ans,Toute la France,,2,M10,20,,
sinp_20140523,Mollusque,Grande mulette,,,,64437,maille 10x 10 km,20 ans,Toute la France,,2,M10,20,,
sinp_20140523,Oiseaux,Grand Tétras,,,,2964,commune,20 ans,Toute la France,"Place de chant, lek.",1,COM,20,,
sinp_20140523,Oiseaux,Gypaète barbu,,,,2852,maille 10x 10 km,10 ans,Toute la France,uniquement si observation de nidification ?,2,M10,10,,
sinp_20140523,Oiseaux,Grue cendrée,,,,3076,département,10 ans,Toute la France,uniquement si observation de nidification ,3,DEP,10,,
sinp_20140523,Oiseaux,Pygargue à queue blanche,,,,2848,département,10 ans,Toute la France,uniquement si observation de nidification ,3,DEP,10,,
sinp_20140523,Oiseaux,Cigogne noire,,,,2514,département,10 ans,Toute la France,uniquement si observation de nidification ,3,DEP,10,,
sinp_20140523,Oiseaux,Pic tridactyle,,,,3638,commune,1 an,Toute la France,uniquement si observation de nidification ,1,COM,1,,
sinp_20140523,Oiseaux,Vautour moine,,,,286,maille 10x 10 km,10 ans,Toute la France,uniquement si observation de nidification ?,2,M10,10,,
sinp_20140523,Oiseaux,Aigle de Bonelli,,,,2655,département,10 ans,Toute la France,uniquement si observation de nidification ,3,DEP,10,,
sinp_20140523,Oiseaux,Aigle pomarin,,,,2636,département,10 ans,Toute la France,uniquement si observation de nidification ,3,DEP,10,,
sinp_20140523,"Plantes, Orchidées",Sabot de Venus,,,,94041,commune,permanente,Toute la France,,1,COM,1000,,
sinp_20140523,Poissons,Chabot du Lez,,,,159453,maille 10x 10 km,20 ans,Toute la France,,2,M10,20,,
sinp_20140523,Poissons,Loche d'Etang,,,,67534,maille 10x 10 km,20 ans,Toute la France,,2,M10,20,,
sinp_20140523,Reptiles,Vipère d'Orsini,,,,78164,commune,permanente,Toute la France,,1,COM,1000,,
